<edmx:Edmx xmlns:edmx="http://docs.oasis-open.org/odata/ns/edmx" Version="4.0">
	<edmx:Reference Uri="http://docs.oasis-open.org/odata/odata-data-aggregation-ext/v4.0/cs02/vocabularies/Org.OData.Aggregation.V1.xml">
		<edmx:Include Alias="Aggregation" Namespace="Org.OData.Aggregation.V1"/>
	</edmx:Reference>
	<edmx:Reference Uri="http://docs.oasis-open.org/odata/odata/v4.0/errata03/os/complete/vocabularies/Org.OData.Capabilities.V1.xml">
		<edmx:Include Alias="Capabilities" Namespace="Org.OData.Capabilities.V1"/>
	</edmx:Reference>
	<edmx:Reference Uri="https://wiki.scn.sap.com/wiki/download/attachments/448470974/Common.xml?api=v2">
		<edmx:Include Alias="Common" Namespace="com.sap.vocabularies.Common.v1"/>
	</edmx:Reference>
	<edmx:Reference Uri="https://wiki.scn.sap.com/wiki/download/attachments/448470971/Communication.xml?api=v2">
		<edmx:Include Alias="vCard" Namespace="com.sap.vocabularies.Communication.v1"/>
	</edmx:Reference>
	<edmx:Reference Uri="http://docs.oasis-open.org/odata/odata/v4.0/errata03/os/complete/vocabularies/Org.OData.Core.V1.xml">
		<edmx:Include Alias="Core" Namespace="Org.OData.Core.V1"/>
	</edmx:Reference>
	<edmx:Reference Uri="http://docs.oasis-open.org/odata/odata/v4.0/errata03/os/complete/vocabularies/Org.OData.Measures.V1.xml">
		<edmx:Include Alias="CQP" Namespace="Org.OData.Measures.V1"/>
	</edmx:Reference>
	<edmx:Reference Uri="https://wiki.scn.sap.com/wiki/download/attachments/448470968/UI.xml?api=v2">
		<edmx:Include Alias="UI" Namespace="com.sap.vocabularies.UI.v1"/>
	</edmx:Reference>
	<edmx:DataServices>
		<Schema xmlns="http://docs.oasis-open.org/odata/ns/edm">
			<Annotations Target="jetCloud.apps.zjblessons.jblesson02.v01.01.zjblessons_base_MaterialsType">
				<Annotation Term="UI.PresentationVariant">
					<Record Type="UI.PresentationVariantType">
						<PropertyValue Property="SortOrder">
							<Collection>
								<Record Type="Common.SortOrderType">
									<PropertyValue Property="Property" PropertyPath="MaterialText"/>
								</Record>
							</Collection>
						</PropertyValue>
						<PropertyValue Property="GroupBy">
							<Collection/>
						</PropertyValue>
						<PropertyValue Property="TotalBy"/>
						<PropertyValue Property="Total"/>
						<PropertyValue Property="Visualizations">
							<Collection/>
						</PropertyValue>
						<PropertyValue Property="RequestAtLeast">
							<Collection>
								<PropertyPath>MaterialID</PropertyPath>
								<PropertyPath>Version</PropertyPath>
								<PropertyPath>Language</PropertyPath>
								<PropertyPath>IntegrationID</PropertyPath>
							</Collection>
						</PropertyValue>
					</Record>
				</Annotation>
				<Annotation Term="UI.SelectionFields">
					<Collection>
						<PropertyPath>MaterialID</PropertyPath>
						<PropertyPath>RegionText</PropertyPath>
					</Collection>
				</Annotation>
				<Annotation Term="UI.LineItem">
					<Collection>
						<Record Type="UI.DataField">
							<PropertyValue Property="Value" Path="MaterialText"/>
						</Record>
						<Record Type="UI.DataField">
							<PropertyValue Property="Value" Path="MaterialDescription"/>
						</Record>
						<Record Type="UI.DataField">
							<PropertyValue Property="Value" Path="RegionText"/>
						</Record>
						<Record Type="UI.DataField">
							<PropertyValue Property="Value" Path="GroupText"/>
						</Record>
						<Record Type="UI.DataField">
							<PropertyValue Property="Value" Path="Created"/>
						</Record>
						<Record Type="UI.DataField">
							<PropertyValue Property="Value" Path="CreatedByFullName"/>
						</Record>
						<Record Type="UI.DataField">
							<PropertyValue Property="Value" Path="Modified"/>
						</Record>
						<Record Type="UI.DataField">
							<PropertyValue Property="Value" Path="ModifiedByFullName"/>
						</Record>
					</Collection>
				</Annotation>
			</Annotations>
			<Annotations Target="jetCloud.apps.zjblessons.jblesson02.v01.01.zjblessons_base_MaterialsType/GroupText">
				<Annotation Term="Common.ValueListWithFixedValues" Bool="true"/>
				<Annotation Term="Common.ValueList">
					<Record Type="Common.ValueListType">
						<PropertyValue Property="CollectionPath" String="zjblessons_base_Groups"/>
						<PropertyValue Property="Parameters">
							<Collection>
								<Record Type="Common.ValueListParameterInOut">
									<PropertyValue Property="LocalDataProperty" PropertyPath="GroupText"/>
									<PropertyValue Property="ValueListProperty" String="GroupText"/>
								</Record>
							</Collection>
						</PropertyValue>
					</Record>
				</Annotation>
			</Annotations>
			<Annotations Target="jetCloud.apps.zjblessons.jblesson02.v01.01.zjblessons_base_MaterialsType/RegionText">
				<Annotation Term="Common.ValueList">
					<Record Type="Common.ValueListType">
						<PropertyValue Property="CollectionPath" String="zjblessons_base_Regions"/>
						<PropertyValue Property="Parameters">
							<Collection>
								<Record Type="Common.ValueListParameterInOut">
									<PropertyValue Property="LocalDataProperty" PropertyPath="RegionID"/>
									<PropertyValue Property="ValueListProperty" String="RegionID"/>
								</Record>
								<Record Type="Common.ValueListParameterInOut">
									<PropertyValue Property="LocalDataProperty" PropertyPath="RegionText"/>
									<PropertyValue Property="ValueListProperty" String="RegionText"/>
								</Record>
							</Collection>
						</PropertyValue>
					</Record>
				</Annotation>
			</Annotations>
			<Annotations Target="jetCloud.apps.zjblessons.jblesson02.v01.01.zjblessons_base_MaterialsType/Created">
				<Annotation Term="Common.IsCalendarDate"/>
				<Annotation Term="Common.ValueList">
					<Record Type="Common.ValueListType">
						<PropertyValue Property="CollectionPath" String="zjblessons_base_Materials"/>
						<PropertyValue Property="Parameters">
							<Collection>
								<Record Type="Common.ValueListParameterInOut">
									<PropertyValue Property="LocalDataProperty" PropertyPath="Created"/>
									<PropertyValue Property="ValueListProperty" String="Created"/>
								</Record>
							</Collection>
						</PropertyValue>
					</Record>
				</Annotation>
				<Annotation Term="Common.Label" String="{@i18n&gt;CreateToolbarButton}"/>
			</Annotations>
			<Annotations Target="jetCloud.apps.zjblessons.jblesson02.v01.01.zjblessons_base_MaterialsType/CreatedByFullName">
				<Annotation Term="Common.Label" String="{@i18n&gt;CreatedByFullName}"/>
			</Annotations>
			<Annotations Target="jetCloud.apps.zjblessons.jblesson02.v01.01.zjblessons_base_MaterialsType/MaterialText">
				<Annotation Term="Common.Label" String="{@i18n&gt;MaterialText}"/>
				<Annotation Term="Common.ValueListWithFixedValues" Bool="true"/>
				<Annotation Term="Common.ValueList">
					<Record Type="Common.ValueListType">
						<PropertyValue Property="CollectionPath" String="zjblessons_base_Materials"/>
						<PropertyValue Property="Parameters">
							<Collection>
								<Record Type="Common.ValueListParameterInOut">
									<PropertyValue Property="LocalDataProperty" PropertyPath="MaterialText"/>
									<PropertyValue Property="ValueListProperty" String="MaterialText"/>
								</Record>
							</Collection>
						</PropertyValue>
					</Record>
				</Annotation>
			</Annotations>
			<Annotations Target="jetCloud.apps.zjblessons.jblesson02.v01.01.zjblessons_base_MaterialsType/Modified">
				<Annotation Term="Common.Label" String="{@i18n&gt;Modified}"/>
			</Annotations>
			<Annotations Target="jetCloud.apps.zjblessons.jblesson02.v01.01.zjblessons_base_MaterialsType/ModifiedBy">
				<Annotation Term="Common.Label" String="{@i18n&gt;tableModifiedByColumnTitle}"/>
			</Annotations>
			<Annotations Target="jetCloud.apps.zjblessons.jblesson02.v01.01.zjblessons_base_MaterialsType/MaterialDescription">
				<Annotation Term="Common.Label" String="{@i18n&gt;MaterialDescription}"/>
			</Annotations>
			<Annotations Target="jetCloud.apps.zjblessons.jblesson02.v01.01.zjblessons_base_MaterialsType/PlantID">
				<Annotation Term="Common.Label" String="{@i18n&gt;PlantID}"/>
			</Annotations>
			<Annotations Target="jetCloud.apps.zjblessons.jblesson02.v01.01.zjblessons_base_MaterialsType/CreatedBy">
				<Annotation Term="Common.Label" String="{@i18n&gt;tableCreatedByColumnTitle}"/>
			</Annotations>
			<Annotations Target="jetCloud.apps.zjblessons.jblesson02.v01.01.zjblessons_base_MaterialsType/GroupID">
				<Annotation Term="Common.Label" String="{@i18n&gt;tableGroup(#)ColumnTitle}"/>
			</Annotations>
			<Annotations Target="jetCloud.apps.zjblessons.jblesson02.v01.01.zjblessons_base_MaterialsType/GroupText">
				<Annotation Term="Common.Label" String="{@i18n&gt;GroupText}"/>
			</Annotations>
			<Annotations Target="jetCloud.apps.zjblessons.jblesson02.v01.01.zjblessons_base_MaterialsType/ModifiedByFullName">
				<Annotation Term="Common.Label" String="{@i18n&gt;ModifiedByFullName}"/>
			</Annotations>
			<Annotations Target="jetCloud.apps.zjblessons.jblesson02.v01.01.zjblessons_base_MaterialsType/RegionText">
				<Annotation Term="Common.Label" String="{@i18n&gt;RegionText}"/>
			</Annotations>
			<Annotations Target="jetCloud.apps.zjblessons.jblesson02.v01.01.zjblessons_base_RegionsType/RegionText">
				<Annotation Term="Common.Label" String="{@i18n&gt;RegionText}"/>
			</Annotations>
			<Annotations Target="jetCloud.apps.zjblessons.jblesson02.v01.01.zjblessons_base_MaterialsType/PlantText">
				<Annotation Term="Common.Label" String="{@i18n&gt;PlantText}"/>
			</Annotations>
			<Annotations Target="jetCloud.apps.zjblessons.jblesson02.v01.01.zjblessons_base_MaterialsType/MaterialID">
				<Annotation Term="Common.Label" String="{@i18n&gt;MaterialID}"/>
			</Annotations>
			<Annotations Target="jetCloud.apps.zjblessons.jblesson02.v01.01.zjblessons_base_MaterialsType/RegionID">
				<Annotation Term="Common.Label" String="{@i18n&gt;RegionID}"/>
			</Annotations>
			<Annotations Target="jetCloud.apps.zjblessons.jblesson02.v01.01.zjblessons_base_MaterialsType/SubGroupID">
				<Annotation Term="Common.Label" String="{@i18n&gt;tableSubGroup(#)ColumnTitle}"/>
			</Annotations>
			<Annotations Target="jetCloud.apps.zjblessons.jblesson02.v01.01.zjblessons_base_RegionsType/RegionID">
				<Annotation Term="Common.Label" String="{@i18n&gt;RegionID}"/>
			</Annotations>
			<Annotations Target="jetCloud.apps.zjblessons.jblesson02.v01.01.zjblessons_base_MaterialsType/Language">
				<Annotation Term="UI.Hidden"/>
			</Annotations>
			<Annotations Target="jetCloud.apps.zjblessons.jblesson02.v01.01.zjblessons_base_MaterialsType/Version">
				<Annotation Term="UI.Hidden"/>
			</Annotations>
			<Annotations Target="jetCloud.apps.zjblessons.jblesson02.v01.01.zjblessons_base_MaterialsType/IntegrationID">
				<Annotation Term="UI.Hidden"/>
			</Annotations>
		</Schema>
	</edmx:DataServices>
</edmx:Edmx>